source,start,end,rows,fetched_at
VIIRS_SNPP_SP,2018-06-24 00:00:00,2018-06-28 00:00:00,827,2026-08-24T13:28:51+00:00
VIIRS_SNPP_SP,2018-06-29 00:00:00,2018-07-03 00:00:00,898,2026-08-24T13:28:51+00:00
VIIRS_SNPP_SP,2012-01-20,2012-01-24,61,2026-08-24T13:29:38+00:00
VIIRS_SNPP_SP,2012-01-25,2012-01-29,68,2026-08-24T13:29:39+00:00
VIIRS_SNPP_SP,2012-01-30,2012-02-03,89,2026-08-24T13:29:40+00:00
VIIRS_SNPP_SP,2012-02-04,2012-02-08,82,2026-08-24T13:29:41+00:00
VIIRS_SNPP_SP,2012-02-09,2012-02-13,34,2026-08-24T13:29:41+00:00
VIIRS_SNPP_SP,2012-02-14,2012-02-18,35,2026-08-24T13:29:42+00:00
VIIRS_SNPP_SP,2012-02-19,2012-02-23,69,2026-08-24T13:29:44+00:00
VIIRS_SNPP_SP,2012-02-24,2012-02-28,96,2026-08-24T13:29:45+00:00
VIIRS_SNPP_SP,2012-02-29,2012-03-04,130,2026-08-24T13:29:46+00:00
VIIRS_SNPP_SP,2012-03-05,2012-03-09,137,2026-08-24T13:29:47+00:00
VIIRS_SNPP_SP,2012-03-10,2012-03-14,208,2026-08-24T13:29:48+00:00
VIIRS_SNPP_SP,2012-03-15,2012-03-19,134,2026-08-24T13:29:48+00:00
VIIRS_SNPP_SP,2012-03-20,2012-03-24,327,2026-08-24T13:29:51+00:00
VIIRS_SNPP_SP,2012-03-25,2012-03-29,663,2026-08-24T13:29:51+00:00
VIIRS_SNPP_SP,2012-03-30,2012-04-03,274,2026-08-24T13:29:52+00:00
VIIRS_SNPP_SP,2012-04-04,2012-04-08,83,2026-08-24T13:29:54+00:00
VIIRS_SNPP_SP,2012-04-09,2012-04-13,77,2026-08-24T13:29:55+00:00
VIIRS_SNPP_SP,2012-04-14,2012-04-18,143,2026-08-24T13:29:58+00:00
VIIRS_SNPP_SP,2012-04-19,2012-04-23,95,2026-08-24T13:30:00+00:00
VIIRS_SNPP_SP,2012-04-24,2012-04-28,64,2026-08-24T13:30:01+00:00
VIIRS_SNPP_SP,2012-04-29,2012-05-03,82,2026-08-24T13:30:02+00:00
VIIRS_SNPP_SP,2012-05-04,2012-05-08,93,2026-08-24T13:30:02+00:00
VIIRS_SNPP_SP,2012-05-09,2012-05-13,115,2026-08-24T13:30:03+00:00
VIIRS_SNPP_SP,2012-05-14,2012-05-18,133,2026-08-24T13:30:04+00:00
VIIRS_SNPP_SP,2012-05-19,2012-05-23,174,2026-08-24T13:30:05+00:00
VIIRS_SNPP_SP,2012-05-24,2012-05-28,461,2026-08-24T13:30:06+00:00
VIIRS_SNPP_SP,2012-05-29,2012-06-02,154,2026-08-24T13:30:08+00:00
VIIRS_SNPP_SP,2012-06-03,2012-06-07,96,2026-08-24T13:30:09+00:00
VIIRS_SNPP_SP,2012-06-08,2012-06-12,47,2026-08-24T13:30:09+00:00
VIIRS_SNPP_SP,2012-06-13,2012-06-17,49,2026-08-24T13:30:10+00:00
VIIRS_SNPP_SP,2012-06-18,2012-06-22,116,2026-08-24T13:30:12+00:00
VIIRS_SNPP_SP,2012-06-23,2012-06-27,83,2026-08-24T13:30:14+00:00
VIIRS_SNPP_SP,2012-06-28,2012-07-02,100,2026-08-24T13:30:15+00:00
VIIRS_SNPP_SP,2012-07-03,2012-07-07,80,2026-08-24T13:30:15+00:00
VIIRS_SNPP_SP,2012-07-08,2012-07-12,221,2026-08-24T13:30:17+00:00
VIIRS_SNPP_SP,2012-07-13,2012-07-17,53,2026-08-24T13:30:17+00:00
VIIRS_SNPP_SP,2012-07-18,2012-07-22,78,2026-08-24T13:30:18+00:00
VIIRS_SNPP_SP,2012-07-23,2012-07-27,189,2026-08-24T13:30:20+00:00
VIIRS_SNPP_SP,2012-07-28,2012-08-01,232,2026-08-24T13:30:21+00:00
VIIRS_SNPP_SP,2012-08-02,2012-08-06,104,2026-08-24T13:30:23+00:00
VIIRS_SNPP_SP,2012-08-07,2012-08-11,214,2026-08-24T13:30:25+00:00
VIIRS_SNPP_SP,2012-08-12,2012-08-16,119,2026-08-24T13:30:27+00:00
VIIRS_SNPP_SP,2012-08-17,2012-08-21,103,2026-08-24T13:30:31+00:00
VIIRS_SNPP_SP,2012-08-22,2012-08-26,130,2026-08-24T13:30:34+00:00
VIIRS_SNPP_SP,2012-08-27,2012-08-31,198,2026-08-24T13:30:34+00:00
VIIRS_SNPP_SP,2012-09-01,2012-09-05,163,2026-08-24T13:30:35+00:00
VIIRS_SNPP_SP,2012-09-06,2012-09-10,262,2026-08-24T13:30:36+00:00
VIIRS_SNPP_SP,2012-09-11,2012-09-15,165,2026-08-24T13:30:37+00:00
VIIRS_SNPP_SP,2012-09-16,2012-09-20,245,2026-08-24T13:30:38+00:00
VIIRS_SNPP_SP,2012-09-21,2012-09-25,127,2026-08-24T13:30:39+00:00
VIIRS_SNPP_SP,2012-09-26,2012-09-30,135,2026-08-24T13:30:39+00:00
VIIRS_SNPP_SP,2012-10-01,2012-10-05,191,2026-08-24T13:30:40+00:00
VIIRS_SNPP_SP,2012-10-06,2012-10-10,256,2026-08-24T13:30:41+00:00
VIIRS_SNPP_SP,2012-10-11,2012-10-15,108,2026-08-24T13:30:42+00:00
VIIRS_SNPP_SP,2012-10-16,2012-10-20,78,2026-08-24T13:30:43+00:00
VIIRS_SNPP_SP,2012-10-21,2012-10-25,73,2026-08-24T13:30:44+00:00
VIIRS_SNPP_SP,2012-10-26,2012-10-30,86,2026-08-24T13:30:44+00:00
VIIRS_SNPP_SP,2012-10-31,2012-11-04,174,2026-08-24T13:30:45+00:00
VIIRS_SNPP_SP,2012-11-05,2012-11-09,186,2026-08-24T13:30:46+00:00
VIIRS_SNPP_SP,2012-11-10,2012-11-14,131,2026-08-24T13:30:47+00:00
VIIRS_SNPP_SP,2012-11-15,2012-11-19,96,2026-08-24T13:30:47+00:00
VIIRS_SNPP_SP,2012-11-20,2012-11-24,129,2026-08-24T13:30:48+00:00
VIIRS_SNPP_SP,2012-11-25,2012-11-29,81,2026-08-24T13:30:49+00:00
VIIRS_SNPP_SP,2012-11-30,2012-12-04,147,2026-08-24T13:30:50+00:00
VIIRS_SNPP_SP,2012-12-05,2012-12-09,114,2026-08-24T13:30:51+00:00
VIIRS_SNPP_SP,2012-12-10,2012-12-14,144,2026-08-24T13:30:52+00:00
VIIRS_SNPP_SP,2012-12-15,2012-12-19,65,2026-08-24T13:30:53+00:00
VIIRS_SNPP_SP,2012-12-20,2012-12-24,6,2026-08-24T13:30:53+00:00
VIIRS_SNPP_SP,2012-12-25,2012-12-29,51,2026-08-24T13:30:55+00:00
VIIRS_SNPP_SP,2012-12-30,2013-01-03,92,2026-08-24T13:30:57+00:00
VIIRS_SNPP_SP,2013-01-04,2013-01-08,28,2026-08-24T13:30:59+00:00
VIIRS_SNPP_SP,2013-01-09,2013-01-13,78,2026-08-24T13:31:01+00:00
VIIRS_SNPP_SP,2013-01-14,2013-01-18,89,2026-08-24T13:31:03+00:00
VIIRS_SNPP_SP,2013-01-19,2013-01-23,9,2026-08-24T13:31:05+00:00
VIIRS_SNPP_SP,2013-01-24,2013-01-28,41,2026-08-24T13:31:06+00:00
VIIRS_SNPP_SP,2013-01-29,2013-02-02,60,2026-08-24T13:31:07+00:00
VIIRS_SNPP_SP,2013-02-03,2013-02-07,36,2026-08-24T13:31:08+00:00
VIIRS_SNPP_SP,2013-02-08,2013-02-12,60,2026-08-24T13:31:09+00:00
VIIRS_SNPP_SP,2013-02-13,2013-02-17,74,2026-08-24T13:31:10+00:00
VIIRS_SNPP_SP,2013-02-18,2013-02-22,175,2026-08-24T13:31:12+00:00
VIIRS_SNPP_SP,2013-02-23,2013-02-27,189,2026-08-24T13:31:13+00:00
VIIRS_SNPP_SP,2013-02-28,2013-03-04,182,2026-08-24T13:31:14+00:00
VIIRS_SNPP_SP,2013-03-05,2013-03-09,102,2026-08-24T13:31:16+00:00
VIIRS_SNPP_SP,2013-03-10,2013-03-14,228,2026-08-24T13:31:17+00:00
VIIRS_SNPP_SP,2013-03-15,2013-03-19,43,2026-08-24T13:31:17+00:00
VIIRS_SNPP_SP,2013-03-20,2013-03-24,69,2026-08-24T13:31:18+00:00
VIIRS_SNPP_SP,2013-03-25,2013-03-29,293,2026-08-24T13:31:19+00:00
VIIRS_SNPP_SP,2013-03-30,2013-04-03,569,2026-08-24T13:31:20+00:00
VIIRS_SNPP_SP,2013-04-04,2013-04-08,333,2026-08-24T13:31:21+00:00
VIIRS_SNPP_SP,2013-04-09,2013-04-13,114,2026-08-24T13:31:23+00:00
VIIRS_SNPP_SP,2013-04-14,2013-04-18,101,2026-08-24T13:31:23+00:00
VIIRS_SNPP_SP,2013-04-19,2013-04-23,174,2026-08-24T13:31:24+00:00
VIIRS_SNPP_SP,2013-04-24,2013-04-28,124,2026-08-24T13:31:25+00:00
VIIRS_SNPP_SP,2013-04-29,2013-05-03,308,2026-08-24T13:31:27+00:00
VIIRS_SNPP_SP,2013-05-04,2013-05-08,230,2026-08-24T13:31:27+00:00
VIIRS_SNPP_SP,2013-05-09,2013-05-13,94,2026-08-24T13:31:28+00:00
VIIRS_SNPP_SP,2013-05-14,2013-05-18,129,2026-08-24T13:31:29+00:00
VIIRS_SNPP_SP,2013-05-19,2013-05-23,103,2026-08-24T13:31:30+00:00
VIIRS_SNPP_SP,2013-05-24,2013-05-28,212,2026-08-24T13:31:30+00:00
VIIRS_SNPP_SP,2013-05-29,2013-06-02,176,2026-08-24T13:31:31+00:00
VIIRS_SNPP_SP,2013-06-03,2013-06-07,341,2026-08-24T13:31:33+00:00
VIIRS_SNPP_SP,2013-06-08,2013-06-12,161,2026-08-24T13:31:34+00:00
VIIRS_SNPP_SP,2013-06-13,2013-06-17,72,2026-08-24T13:31:35+00:00
VIIRS_SNPP_SP,2013-06-18,2013-06-22,50,2026-08-24T13:31:35+00:00
VIIRS_SNPP_SP,2013-06-23,2013-06-27,143,2026-08-24T13:31:36+00:00
VIIRS_SNPP_SP,2013-06-28,2013-07-02,105,2026-08-24T13:31:36+00:00
VIIRS_SNPP_SP,2013-07-03,2013-07-07,246,2026-08-24T13:31:37+00:00
VIIRS_SNPP_SP,2013-07-08,2013-07-12,584,2026-08-24T13:31:38+00:00
VIIRS_SNPP_SP,2013-07-13,2013-07-17,359,2026-08-24T13:31:40+00:00
VIIRS_SNPP_SP,2013-07-18,2013-07-22,287,2026-08-24T13:31:40+00:00
VIIRS_SNPP_SP,2013-07-23,2013-07-27,188,2026-08-24T13:31:41+00:00
VIIRS_SNPP_SP,2013-07-28,2013-08-01,139,2026-08-24T13:31:42+00:00
VIIRS_SNPP_SP,2013-08-02,2013-08-06,157,2026-08-24T13:31:42+00:00
VIIRS_SNPP_SP,2013-08-07,2013-08-11,179,2026-08-24T13:31:43+00:00
VIIRS_SNPP_SP,2013-08-12,2013-08-16,148,2026-08-24T13:31:44+00:00
VIIRS_SNPP_SP,2013-08-17,2013-08-21,185,2026-08-24T13:31:46+00:00
VIIRS_SNPP_SP,2013-08-22,2013-08-26,220,2026-08-24T13:31:47+00:00
VIIRS_SNPP_SP,2013-08-27,2013-08-31,194,2026-08-24T13:31:48+00:00
VIIRS_SNPP_SP,2013-09-01,2013-09-05,301,2026-08-24T13:31:49+00:00
VIIRS_SNPP_SP,2013-09-06,2013-09-10,142,2026-08-24T13:31:51+00:00
VIIRS_SNPP_SP,2013-09-11,2013-09-15,64,2026-08-24T13:31:51+00:00
VIIRS_SNPP_SP,2013-09-16,2013-09-20,146,2026-08-24T13:31:52+00:00
VIIRS_SNPP_SP,2013-09-21,2013-09-25,135,2026-08-24T13:31:54+00:00
VIIRS_SNPP_SP,2013-09-26,2013-09-30,199,2026-08-24T13:31:54+00:00
VIIRS_SNPP_SP,2013-10-01,2013-10-05,57,2026-08-24T13:31:55+00:00
VIIRS_SNPP_SP,2013-10-06,2013-10-10,158,2026-08-24T13:31:56+00:00
VIIRS_SNPP_SP,2013-10-11,2013-10-15,160,2026-08-24T13:31:56+00:00
VIIRS_SNPP_SP,2013-10-16,2013-10-20,77,2026-08-24T13:31:57+00:00
VIIRS_SNPP_SP,2013-10-21,2013-10-25,114,2026-08-24T13:31:59+00:00
VIIRS_SNPP_SP,2013-10-26,2013-10-30,187,2026-08-24T13:32:00+00:00
VIIRS_SNPP_SP,2013-10-31,2013-11-04,214,2026-08-24T13:32:01+00:00
VIIRS_SNPP_SP,2013-11-05,2013-11-09,183,2026-08-24T13:32:03+00:00
VIIRS_SNPP_SP,2013-11-10,2013-11-14,213,2026-08-24T13:32:04+00:00
VIIRS_SNPP_SP,2013-11-15,2013-11-19,104,2026-08-24T13:32:05+00:00
VIIRS_SNPP_SP,2013-11-20,2013-11-24,118,2026-08-24T13:32:06+00:00
VIIRS_SNPP_SP,2013-11-25,2013-11-29,80,2026-08-24T13:32:07+00:00
VIIRS_SNPP_SP,2013-11-30,2013-12-04,106,2026-08-24T13:32:07+00:00
VIIRS_SNPP_SP,2013-12-05,2013-12-09,82,2026-08-24T13:32:09+00:00
VIIRS_SNPP_SP,2013-12-10,2013-12-14,209,2026-08-24T13:32:10+00:00
VIIRS_SNPP_SP,2013-12-15,2013-12-19,107,2026-08-24T13:32:11+00:00
VIIRS_SNPP_SP,2013-12-20,2013-12-24,115,2026-08-24T13:32:12+00:00
VIIRS_SNPP_SP,2013-12-25,2013-12-29,169,2026-08-24T13:32:12+00:00
VIIRS_SNPP_SP,2013-12-30,2014-01-03,96,2026-08-24T13:32:13+00:00
VIIRS_SNPP_SP,2014-01-04,2014-01-08,133,2026-08-24T13:32:15+00:00
VIIRS_SNPP_SP,2014-01-09,2014-01-13,156,2026-08-24T13:32:16+00:00
VIIRS_SNPP_SP,2014-01-14,2014-01-18,77,2026-08-24T13:32:17+00:00
VIIRS_SNPP_SP,2014-01-19,2014-01-23,75,2026-08-24T13:32:18+00:00
VIIRS_SNPP_SP,2014-01-24,2014-01-28,60,2026-08-24T13:32:19+00:00
VIIRS_SNPP_SP,2014-01-29,2014-02-02,45,2026-08-24T13:32:20+00:00
VIIRS_SNPP_SP,2014-02-03,2014-02-07,56,2026-08-24T13:32:25+00:00
VIIRS_SNPP_SP,2014-02-08,2014-02-12,96,2026-08-24T13:32:27+00:00
VIIRS_SNPP_SP,2014-02-13,2014-02-17,71,2026-08-24T13:32:28+00:00
VIIRS_SNPP_SP,2014-02-18,2014-02-22,88,2026-08-24T13:32:29+00:00
VIIRS_SNPP_SP,2014-02-23,2014-02-27,91,2026-08-24T13:32:30+00:00
VIIRS_SNPP_SP,2014-02-28,2014-03-04,124,2026-08-24T13:32:31+00:00
VIIRS_SNPP_SP,2014-03-05,2014-03-09,130,2026-08-24T13:32:32+00:00
VIIRS_SNPP_SP,2014-03-10,2014-03-14,538,2026-08-24T13:32:33+00:00
VIIRS_SNPP_SP,2014-03-15,2014-03-19,116,2026-08-24T13:32:35+00:00
VIIRS_SNPP_SP,2014-03-20,2014-03-24,235,2026-08-24T13:32:36+00:00
VIIRS_SNPP_SP,2014-03-25,2014-03-29,136,2026-08-24T13:32:37+00:00
VIIRS_SNPP_SP,2014-03-30,2014-04-03,97,2026-08-24T13:32:38+00:00
VIIRS_SNPP_SP,2014-04-04,2014-04-08,63,2026-08-24T13:32:39+00:00
VIIRS_SNPP_SP,2014-04-09,2014-04-13,190,2026-08-24T13:32:41+00:00
VIIRS_SNPP_SP,2014-04-14,2014-04-18,359,2026-08-24T13:32:44+00:00
VIIRS_SNPP_SP,2014-04-19,2014-04-23,201,2026-08-24T13:32:45+00:00
VIIRS_SNPP_SP,2014-04-24,2014-04-28,85,2026-08-24T13:32:46+00:00
VIIRS_SNPP_SP,2014-04-29,2014-05-03,99,2026-08-24T13:32:47+00:00
VIIRS_SNPP_SP,2014-05-04,2014-05-08,44,2026-08-24T13:32:48+00:00
VIIRS_SNPP_SP,2014-05-09,2014-05-13,68,2026-08-24T13:32:49+00:00
VIIRS_SNPP_SP,2014-05-14,2014-05-18,281,2026-08-24T13:32:50+00:00
VIIRS_SNPP_SP,2014-05-19,2014-05-23,137,2026-08-24T13:32:51+00:00
VIIRS_SNPP_SP,2014-05-24,2014-05-28,71,2026-08-24T13:32:52+00:00
VIIRS_SNPP_SP,2014-05-29,2014-06-02,67,2026-08-24T13:32:52+00:00
VIIRS_SNPP_SP,2014-06-03,2014-06-07,116,2026-08-24T13:32:53+00:00
VIIRS_SNPP_SP,2014-06-08,2014-06-12,191,2026-08-24T13:32:54+00:00
VIIRS_SNPP_SP,2014-06-13,2014-06-17,122,2026-08-24T13:32:54+00:00
VIIRS_SNPP_SP,2014-06-18,2014-06-22,239,2026-08-24T13:32:55+00:00
VIIRS_SNPP_SP,2014-06-23,2014-06-27,117,2026-08-24T13:32:56+00:00
VIIRS_SNPP_SP,2014-06-28,2014-07-02,168,2026-08-24T13:32:56+00:00
VIIRS_SNPP_SP,2014-07-03,2014-07-07,119,2026-08-24T13:32:58+00:00
VIIRS_SNPP_SP,2014-07-08,2014-07-12,236,2026-08-24T13:32:59+00:00
VIIRS_SNPP_SP,2014-07-13,2014-07-17,173,2026-08-24T13:32:59+00:00
VIIRS_SNPP_SP,2014-07-18,2014-07-22,173,2026-08-24T13:33:00+00:00
VIIRS_SNPP_SP,2014-07-23,2014-07-27,340,2026-08-24T13:33:01+00:00
VIIRS_SNPP_SP,2014-07-28,2014-08-01,190,2026-08-24T13:33:03+00:00
VIIRS_SNPP_SP,2014-08-02,2014-08-06,185,2026-08-24T13:33:04+00:00
VIIRS_SNPP_SP,2014-08-07,2014-08-11,186,2026-08-24T13:33:05+00:00
VIIRS_SNPP_SP,2014-08-12,2014-08-16,180,2026-08-24T13:33:06+00:00
VIIRS_SNPP_SP,2014-08-17,2014-08-21,176,2026-08-24T13:33:07+00:00
VIIRS_SNPP_SP,2014-08-22,2014-08-26,222,2026-08-24T13:33:08+00:00
VIIRS_SNPP_SP,2014-08-27,2014-08-31,232,2026-08-24T13:33:09+00:00
VIIRS_SNPP_SP,2014-09-01,2014-09-05,213,2026-08-24T13:33:10+00:00
VIIRS_SNPP_SP,2014-09-06,2014-09-10,368,2026-08-24T13:33:11+00:00
VIIRS_SNPP_SP,2014-09-11,2014-09-15,282,2026-08-24T13:33:12+00:00
VIIRS_SNPP_SP,2014-09-16,2014-09-20,114,2026-08-24T13:33:13+00:00
VIIRS_SNPP_SP,2014-09-21,2014-09-25,243,2026-08-24T13:33:14+00:00
VIIRS_SNPP_SP,2014-09-26,2014-09-30,160,2026-08-24T13:33:15+00:00
VIIRS_SNPP_SP,2014-10-01,2014-10-05,192,2026-08-24T13:33:15+00:00
VIIRS_SNPP_SP,2014-10-06,2014-10-10,126,2026-08-24T13:33:16+00:00
VIIRS_SNPP_SP,2014-10-11,2014-10-15,166,2026-08-24T13:33:17+00:00
VIIRS_SNPP_SP,2014-10-16,2014-10-20,87,2026-08-24T13:33:18+00:00
VIIRS_SNPP_SP,2014-10-21,2014-10-25,120,2026-08-24T13:33:19+00:00
VIIRS_SNPP_SP,2014-10-26,2014-10-30,96,2026-08-24T13:33:19+00:00
VIIRS_SNPP_SP,2014-10-31,2014-11-04,148,2026-08-24T13:33:20+00:00
VIIRS_SNPP_SP,2014-11-05,2014-11-09,269,2026-08-24T13:33:21+00:00
VIIRS_SNPP_SP,2014-11-10,2014-11-14,111,2026-08-24T13:33:22+00:00
VIIRS_SNPP_SP,2014-11-15,2014-11-19,103,2026-08-24T13:33:23+00:00
VIIRS_SNPP_SP,2014-11-20,2014-11-24,92,2026-08-24T13:33:24+00:00
VIIRS_SNPP_SP,2014-11-25,2014-11-29,66,2026-08-24T13:33:24+00:00
VIIRS_SNPP_SP,2014-11-30,2014-12-04,81,2026-08-24T13:33:25+00:00
VIIRS_SNPP_SP,2014-12-05,2014-12-09,119,2026-08-24T13:33:26+00:00
VIIRS_SNPP_SP,2014-12-10,2014-12-14,93,2026-08-24T13:33:27+00:00
VIIRS_SNPP_SP,2014-12-15,2014-12-19,99,2026-08-24T13:33:28+00:00
VIIRS_SNPP_SP,2014-12-20,2014-12-24,61,2026-08-24T13:33:30+00:00
VIIRS_SNPP_SP,2014-12-25,2014-12-29,155,2026-08-24T13:33:31+00:00
VIIRS_SNPP_SP,2014-12-30,2015-01-03,107,2026-08-24T13:33:31+00:00
VIIRS_SNPP_SP,2015-01-04,2015-01-08,161,2026-08-24T13:33:32+00:00
VIIRS_SNPP_SP,2015-01-09,2015-01-13,80,2026-08-24T13:33:38+00:00
VIIRS_SNPP_SP,2015-01-14,2015-01-18,109,2026-08-24T13:33:39+00:00
VIIRS_SNPP_SP,2015-01-19,2015-01-23,141,2026-08-24T13:33:40+00:00
VIIRS_SNPP_SP,2015-01-24,2015-01-28,92,2026-08-24T13:33:40+00:00
VIIRS_SNPP_SP,2015-01-29,2015-02-02,154,2026-08-24T13:33:41+00:00
VIIRS_SNPP_SP,2015-02-03,2015-02-07,162,2026-08-24T13:33:42+00:00
VIIRS_SNPP_SP,2015-02-08,2015-02-12,164,2026-08-24T13:33:42+00:00
VIIRS_SNPP_SP,2015-02-13,2015-02-17,99,2026-08-24T13:33:43+00:00
VIIRS_SNPP_SP,2015-02-18,2015-02-22,205,2026-08-24T13:33:44+00:00
VIIRS_SNPP_SP,2015-02-23,2015-02-27,141,2026-08-24T13:33:44+00:00
VIIRS_SNPP_SP,2015-02-28,2015-03-04,159,2026-08-24T13:33:45+00:00
VIIRS_SNPP_SP,2015-03-05,2015-03-09,123,2026-08-24T13:33:45+00:00
VIIRS_SNPP_SP,2015-03-10,2015-03-14,185,2026-08-24T13:33:46+00:00
VIIRS_SNPP_SP,2015-03-15,2015-03-19,170,2026-08-24T13:33:47+00:00
VIIRS_SNPP_SP,2015-03-20,2015-03-24,308,2026-08-24T13:33:48+00:00
VIIRS_SNPP_SP,2015-03-25,2015-03-29,184,2026-08-24T13:33:49+00:00
VIIRS_SNPP_SP,2015-03-30,2015-04-03,175,2026-08-24T13:33:50+00:00
VIIRS_SNPP_SP,2015-04-04,2015-04-08,393,2026-08-24T13:33:51+00:00
VIIRS_SNPP_SP,2015-04-09,2015-04-13,603,2026-08-24T13:33:51+00:00
VIIRS_SNPP_SP,2015-04-14,2015-04-18,254,2026-08-24T13:33:52+00:00
VIIRS_SNPP_SP,2015-04-19,2015-04-23,626,2026-08-24T13:33:52+00:00
VIIRS_SNPP_SP,2015-04-24,2015-04-28,212,2026-08-24T13:33:53+00:00
VIIRS_SNPP_SP,2015-04-29,2015-05-03,130,2026-08-24T13:33:54+00:00
VIIRS_SNPP_SP,2015-05-04,2015-05-08,141,2026-08-24T13:33:54+00:00
VIIRS_SNPP_SP,2015-05-09,2015-05-13,132,2026-08-24T13:33:55+00:00
VIIRS_SNPP_SP,2015-05-14,2015-05-18,118,2026-08-24T13:33:55+00:00
VIIRS_SNPP_SP,2015-05-19,2015-05-23,153,2026-08-24T13:33:57+00:00
VIIRS_SNPP_SP,2015-05-24,2015-05-28,138,2026-08-24T13:33:57+00:00
VIIRS_SNPP_SP,2015-05-29,2015-06-02,103,2026-08-24T13:33:58+00:00
VIIRS_SNPP_SP,2015-06-03,2015-06-07,251,2026-08-24T13:33:58+00:00
VIIRS_SNPP_SP,2015-06-08,2015-06-12,303,2026-08-24T13:33:59+00:00
VIIRS_SNPP_SP,2015-06-13,2015-06-17,89,2026-08-24T13:34:00+00:00
VIIRS_SNPP_SP,2015-06-18,2015-06-22,108,2026-08-24T13:34:01+00:00
VIIRS_SNPP_SP,2015-06-23,2015-06-27,152,2026-08-24T13:34:02+00:00
VIIRS_SNPP_SP,2015-06-28,2015-07-02,225,2026-08-24T13:34:03+00:00
VIIRS_SNPP_SP,2015-07-03,2015-07-07,192,2026-08-24T13:34:03+00:00
VIIRS_SNPP_SP,2015-07-08,2015-07-12,129,2026-08-24T13:34:04+00:00
VIIRS_SNPP_SP,2015-07-13,2015-07-17,129,2026-08-24T13:34:05+00:00
VIIRS_SNPP_SP,2015-07-18,2015-07-22,145,2026-08-24T13:34:05+00:00
VIIRS_SNPP_SP,2015-07-23,2015-07-27,98,2026-08-24T13:34:06+00:00
VIIRS_SNPP_SP,2015-07-28,2015-08-01,139,2026-08-24T13:34:07+00:00
VIIRS_SNPP_SP,2015-08-02,2015-08-06,114,2026-08-24T13:34:07+00:00
VIIRS_SNPP_SP,2015-08-07,2015-08-11,221,2026-08-24T13:34:09+00:00
VIIRS_SNPP_SP,2015-08-12,2015-08-16,209,2026-08-24T13:34:09+00:00
VIIRS_SNPP_SP,2015-08-17,2015-08-21,137,2026-08-24T13:34:10+00:00
VIIRS_SNPP_SP,2015-08-22,2015-08-26,181,2026-08-24T13:34:11+00:00
VIIRS_SNPP_SP,2015-08-27,2015-08-31,198,2026-08-24T13:34:12+00:00
VIIRS_SNPP_SP,2015-09-01,2015-09-05,95,2026-08-24T13:34:12+00:00
VIIRS_SNPP_SP,2015-09-06,2015-09-10,260,2026-08-24T13:34:13+00:00
VIIRS_SNPP_SP,2015-09-11,2015-09-15,138,2026-08-24T13:34:14+00:00
VIIRS_SNPP_SP,2015-09-16,2015-09-20,122,2026-08-24T13:34:15+00:00
VIIRS_SNPP_SP,2015-09-21,2015-09-25,136,2026-08-24T13:34:16+00:00
VIIRS_SNPP_SP,2015-09-26,2015-09-30,290,2026-08-24T13:34:16+00:00
VIIRS_SNPP_SP,2015-10-01,2015-10-05,343,2026-08-24T13:34:17+00:00
VIIRS_SNPP_SP,2015-10-06,2015-10-10,116,2026-08-24T13:34:18+00:00
VIIRS_SNPP_SP,2015-10-11,2015-10-15,142,2026-08-24T13:34:18+00:00
VIIRS_SNPP_SP,2015-10-16,2015-10-20,84,2026-08-24T13:34:19+00:00
VIIRS_SNPP_SP,2015-10-21,2015-10-25,91,2026-08-24T13:34:19+00:00
VIIRS_SNPP_SP,2015-10-26,2015-10-30,51,2026-08-24T13:34:20+00:00
VIIRS_SNPP_SP,2015-10-31,2015-11-04,184,2026-08-24T13:34:21+00:00
VIIRS_SNPP_SP,2015-11-05,2015-11-09,168,2026-08-24T13:34:21+00:00
VIIRS_SNPP_SP,2015-11-10,2015-11-14,105,2026-08-24T13:34:22+00:00
VIIRS_SNPP_SP,2015-11-15,2015-11-19,75,2026-08-24T13:34:23+00:00
VIIRS_SNPP_SP,2015-11-20,2015-11-24,120,2026-08-24T13:34:24+00:00
VIIRS_SNPP_SP,2015-11-25,2015-11-29,109,2026-08-24T13:34:24+00:00
VIIRS_SNPP_SP,2015-11-30,2015-12-04,91,2026-08-24T13:34:25+00:00
VIIRS_SNPP_SP,2015-12-05,2015-12-09,55,2026-08-24T13:34:25+00:00
VIIRS_SNPP_SP,2015-12-10,2015-12-14,52,2026-08-24T13:34:26+00:00
VIIRS_SNPP_SP,2015-12-15,2015-12-19,43,2026-08-24T13:34:27+00:00
VIIRS_SNPP_SP,2015-12-20,2015-12-24,105,2026-08-24T13:34:27+00:00
VIIRS_SNPP_SP,2015-12-25,2015-12-29,56,2026-08-24T13:34:28+00:00
VIIRS_SNPP_SP,2015-12-30,2016-01-03,36,2026-08-24T13:34:28+00:00
VIIRS_SNPP_SP,2016-01-04,2016-01-08,31,2026-08-24T13:34:29+00:00
VIIRS_SNPP_SP,2016-01-09,2016-01-13,68,2026-08-24T13:34:30+00:00
VIIRS_SNPP_SP,2016-01-14,2016-01-18,149,2026-08-24T13:34:30+00:00
VIIRS_SNPP_SP,2016-01-19,2016-01-23,106,2026-08-24T13:34:31+00:00
VIIRS_SNPP_SP,2016-01-24,2016-01-28,52,2026-08-24T13:34:32+00:00
VIIRS_SNPP_SP,2016-01-29,2016-02-02,50,2026-08-24T13:34:32+00:00
VIIRS_SNPP_SP,2016-02-03,2016-02-07,96,2026-08-24T13:34:33+00:00
VIIRS_SNPP_SP,2016-02-08,2016-02-12,118,2026-08-24T13:34:34+00:00
VIIRS_SNPP_SP,2016-02-13,2016-02-17,106,2026-08-24T13:34:34+00:00
VIIRS_SNPP_SP,2016-02-18,2016-02-22,94,2026-08-24T13:34:35+00:00
VIIRS_SNPP_SP,2016-02-23,2016-02-27,186,2026-08-24T13:34:36+00:00
VIIRS_SNPP_SP,2016-02-28,2016-03-03,79,2026-08-24T13:34:37+00:00
VIIRS_SNPP_SP,2016-03-04,2016-03-08,122,2026-08-24T13:34:37+00:00
VIIRS_SNPP_SP,2016-03-09,2016-03-13,77,2026-08-24T13:34:38+00:00
VIIRS_SNPP_SP,2016-03-14,2016-03-18,305,2026-08-24T13:34:38+00:00
VIIRS_SNPP_SP,2016-03-19,2016-03-23,130,2026-08-24T13:34:39+00:00
VIIRS_SNPP_SP,2016-03-24,2016-03-28,75,2026-08-24T13:34:40+00:00
VIIRS_SNPP_SP,2016-03-29,2016-04-02,131,2026-08-24T13:34:40+00:00
VIIRS_SNPP_SP,2016-04-03,2016-04-07,62,2026-08-24T13:34:41+00:00
VIIRS_SNPP_SP,2016-04-08,2016-04-12,173,2026-08-24T13:34:41+00:00
VIIRS_SNPP_SP,2016-04-13,2016-04-17,144,2026-08-24T13:34:42+00:00
VIIRS_SNPP_SP,2016-04-18,2016-04-22,231,2026-08-24T13:34:42+00:00
VIIRS_SNPP_SP,2016-04-23,2016-04-27,121,2026-08-24T13:34:43+00:00
VIIRS_SNPP_SP,2016-04-28,2016-05-02,147,2026-08-24T13:34:44+00:00
VIIRS_SNPP_SP,2016-05-03,2016-05-07,135,2026-08-24T13:34:44+00:00
VIIRS_SNPP_SP,2016-05-08,2016-05-12,228,2026-08-24T13:34:45+00:00
VIIRS_SNPP_SP,2016-05-13,2016-05-17,175,2026-08-24T13:34:45+00:00
VIIRS_SNPP_SP,2016-05-18,2016-05-22,66,2026-08-24T13:34:46+00:00
VIIRS_SNPP_SP,2016-05-23,2016-05-27,151,2026-08-24T13:34:47+00:00
VIIRS_SNPP_SP,2016-05-28,2016-06-01,171,2026-08-24T13:34:47+00:00
VIIRS_SNPP_SP,2016-06-02,2016-06-06,232,2026-08-24T13:34:48+00:00
VIIRS_SNPP_SP,2016-06-07,2016-06-11,128,2026-08-24T13:34:49+00:00
VIIRS_SNPP_SP,2016-06-12,2016-06-16,61,2026-08-24T13:34:50+00:00
VIIRS_SNPP_SP,2016-06-17,2016-06-21,74,2026-08-24T13:34:50+00:00
VIIRS_SNPP_SP,2016-06-22,2016-06-26,100,2026-08-24T13:34:51+00:00
VIIRS_SNPP_SP,2016-06-27,2016-07-01,62,2026-08-24T13:34:52+00:00
VIIRS_SNPP_SP,2016-07-02,2016-07-06,239,2026-08-24T13:34:52+00:00
VIIRS_SNPP_SP,2016-07-07,2016-07-11,44,2026-08-24T13:34:53+00:00
VIIRS_SNPP_SP,2016-07-12,2016-07-16,114,2026-08-24T13:34:54+00:00
VIIRS_SNPP_SP,2016-07-17,2016-07-21,204,2026-08-24T13:34:54+00:00
VIIRS_SNPP_SP,2016-07-22,2016-07-26,124,2026-08-24T13:34:55+00:00
VIIRS_SNPP_SP,2016-07-27,2016-07-31,89,2026-08-24T13:34:56+00:00
VIIRS_SNPP_SP,2016-08-01,2016-08-05,63,2026-08-24T13:34:56+00:00
VIIRS_SNPP_SP,2016-08-06,2016-08-10,188,2026-08-24T13:34:57+00:00
VIIRS_SNPP_SP,2016-08-11,2016-08-15,150,2026-08-24T13:34:57+00:00
VIIRS_SNPP_SP,2016-08-16,2016-08-20,319,2026-08-24T13:34:58+00:00
VIIRS_SNPP_SP,2016-08-21,2016-08-25,105,2026-08-24T13:34:59+00:00
VIIRS_SNPP_SP,2016-08-26,2016-08-30,332,2026-08-24T13:35:00+00:00
VIIRS_SNPP_SP,2016-08-31,2016-09-04,189,2026-08-24T13:35:00+00:00
VIIRS_SNPP_SP,2016-09-05,2016-09-09,162,2026-08-24T13:35:01+00:00
VIIRS_SNPP_SP,2016-09-10,2016-09-14,195,2026-08-24T13:35:02+00:00
VIIRS_SNPP_SP,2016-09-15,2016-09-19,201,2026-08-24T13:35:03+00:00
VIIRS_SNPP_SP,2016-09-20,2016-09-24,139,2026-08-24T13:35:04+00:00
VIIRS_SNPP_SP,2016-09-25,2016-09-29,115,2026-08-24T13:35:04+00:00
VIIRS_SNPP_SP,2016-09-30,2016-10-04,288,2026-08-24T13:35:05+00:00
VIIRS_SNPP_SP,2016-10-05,2016-10-09,242,2026-08-24T13:35:06+00:00
VIIRS_SNPP_SP,2016-10-10,2016-10-14,184,2026-08-24T13:35:06+00:00
VIIRS_SNPP_SP,2016-10-15,2016-10-19,96,2026-08-24T13:35:07+00:00
VIIRS_SNPP_SP,2016-10-20,2016-10-24,120,2026-08-24T13:35:07+00:00
VIIRS_SNPP_SP,2016-10-25,2016-10-29,60,2026-08-24T13:35:08+00:00
VIIRS_SNPP_SP,2016-10-30,2016-11-03,100,2026-08-24T13:35:09+00:00
VIIRS_SNPP_SP,2016-11-04,2016-11-08,260,2026-08-24T13:35:09+00:00
VIIRS_SNPP_SP,2016-11-09,2016-11-13,102,2026-08-24T13:35:10+00:00
VIIRS_SNPP_SP,2016-11-14,2016-11-18,71,2026-08-24T13:35:11+00:00
VIIRS_SNPP_SP,2016-11-19,2016-11-23,87,2026-08-24T13:35:12+00:00
VIIRS_SNPP_SP,2016-11-24,2016-11-28,112,2026-08-24T13:35:12+00:00
VIIRS_SNPP_SP,2016-11-29,2016-12-03,119,2026-08-24T13:35:13+00:00
VIIRS_SNPP_SP,2016-12-04,2016-12-08,87,2026-08-24T13:35:13+00:00
VIIRS_SNPP_SP,2016-12-09,2016-12-13,100,2026-08-24T13:35:14+00:00
VIIRS_SNPP_SP,2016-12-14,2016-12-18,30,2026-08-24T13:35:15+00:00
VIIRS_SNPP_SP,2016-12-19,2016-12-23,68,2026-08-24T13:35:16+00:00
VIIRS_SNPP_SP,2016-12-24,2016-12-28,97,2026-08-24T13:35:16+00:00
VIIRS_SNPP_SP,2016-12-29,2017-01-02,121,2026-08-24T13:35:17+00:00
VIIRS_SNPP_SP,2017-01-03,2017-01-07,69,2026-08-24T13:35:18+00:00
VIIRS_SNPP_SP,2017-01-08,2017-01-12,43,2026-08-24T13:35:19+00:00
VIIRS_SNPP_SP,2017-01-13,2017-01-17,54,2026-08-24T13:35:19+00:00
VIIRS_SNPP_SP,2017-01-18,2017-01-22,117,2026-08-24T13:35:20+00:00
VIIRS_SNPP_SP,2017-01-23,2017-01-27,158,2026-08-24T13:35:20+00:00
VIIRS_SNPP_SP,2017-01-28,2017-02-01,46,2026-08-24T13:35:21+00:00
VIIRS_SNPP_SP,2017-02-02,2017-02-06,78,2026-08-24T13:35:22+00:00
VIIRS_SNPP_SP,2017-02-07,2017-02-11,57,2026-08-24T13:35:22+00:00
VIIRS_SNPP_SP,2017-02-12,2017-02-16,144,2026-08-24T13:35:23+00:00
VIIRS_SNPP_SP,2017-02-17,2017-02-21,42,2026-08-24T13:35:23+00:00
VIIRS_SNPP_SP,2017-02-22,2017-02-26,70,2026-08-24T13:35:24+00:00
VIIRS_SNPP_SP,2017-02-27,2017-03-03,112,2026-08-24T13:35:24+00:00
VIIRS_SNPP_SP,2017-03-04,2017-03-08,56,2026-08-24T13:35:25+00:00
VIIRS_SNPP_SP,2017-03-09,2017-03-13,86,2026-08-24T13:35:25+00:00
VIIRS_SNPP_SP,2017-03-14,2017-03-18,94,2026-08-24T13:35:26+00:00
VIIRS_SNPP_SP,2017-03-19,2017-03-23,121,2026-08-24T13:35:27+00:00
VIIRS_SNPP_SP,2017-03-24,2017-03-28,594,2026-08-24T13:35:27+00:00
VIIRS_SNPP_SP,2017-03-29,2017-04-02,85,2026-08-24T13:35:29+00:00
VIIRS_SNPP_SP,2017-04-03,2017-04-07,253,2026-08-24T13:35:30+00:00
VIIRS_SNPP_SP,2017-04-08,2017-04-12,337,2026-08-24T13:35:31+00:00
VIIRS_SNPP_SP,2017-04-13,2017-04-17,129,2026-08-24T13:35:31+00:00
VIIRS_SNPP_SP,2017-04-18,2017-04-22,121,2026-08-24T13:35:32+00:00
VIIRS_SNPP_SP,2017-04-23,2017-04-27,136,2026-08-24T13:35:33+00:00
VIIRS_SNPP_SP,2017-04-28,2017-05-02,132,2026-08-24T13:35:34+00:00
VIIRS_SNPP_SP,2017-05-03,2017-05-07,572,2026-08-24T13:35:35+00:00
VIIRS_SNPP_SP,2017-05-08,2017-05-12,368,2026-08-24T13:35:35+00:00
VIIRS_SNPP_SP,2017-05-13,2017-05-17,63,2026-08-24T13:35:36+00:00
VIIRS_SNPP_SP,2017-05-18,2017-05-22,127,2026-08-24T13:35:37+00:00
VIIRS_SNPP_SP,2017-05-23,2017-05-27,288,2026-08-24T13:35:38+00:00
VIIRS_SNPP_SP,2017-05-28,2017-06-01,83,2026-08-24T13:35:38+00:00
VIIRS_SNPP_SP,2017-06-02,2017-06-06,120,2026-08-24T13:35:44+00:00
VIIRS_SNPP_SP,2017-06-07,2017-06-11,108,2026-08-24T13:35:45+00:00
VIIRS_SNPP_SP,2017-06-12,2017-06-16,141,2026-08-24T13:35:50+00:00
VIIRS_SNPP_SP,2017-06-17,2017-06-21,229,2026-08-24T13:35:51+00:00
VIIRS_SNPP_SP,2017-06-22,2017-06-26,69,2026-08-24T13:35:52+00:00
VIIRS_SNPP_SP,2017-06-27,2017-07-01,37,2026-08-24T13:35:52+00:00
VIIRS_SNPP_SP,2017-07-02,2017-07-06,198,2026-08-24T13:35:53+00:00
VIIRS_SNPP_SP,2017-07-07,2017-07-11,131,2026-08-24T13:36:01+00:00
VIIRS_SNPP_SP,2017-07-12,2017-07-16,419,2026-08-24T13:36:06+00:00
VIIRS_SNPP_SP,2017-07-17,2017-07-21,179,2026-08-24T13:36:07+00:00
VIIRS_SNPP_SP,2017-07-22,2017-07-26,137,2026-08-24T13:36:08+00:00
VIIRS_SNPP_SP,2017-07-27,2017-07-31,129,2026-08-24T13:36:08+00:00
VIIRS_SNPP_SP,2017-08-01,2017-08-05,129,2026-08-24T13:36:09+00:00
VIIRS_SNPP_SP,2017-08-06,2017-08-10,153,2026-08-24T13:36:10+00:00
VIIRS_SNPP_SP,2017-08-11,2017-08-15,171,2026-08-24T13:36:11+00:00
VIIRS_SNPP_SP,2017-08-16,2017-08-20,187,2026-08-24T13:36:12+00:00
VIIRS_SNPP_SP,2017-08-21,2017-08-25,138,2026-08-24T13:36:12+00:00
VIIRS_SNPP_SP,2017-08-26,2017-08-30,180,2026-08-24T13:36:13+00:00
VIIRS_SNPP_SP,2017-08-31,2017-09-04,259,2026-08-24T13:36:14+00:00
VIIRS_SNPP_SP,2017-09-05,2017-09-09,90,2026-08-24T13:36:15+00:00
VIIRS_SNPP_SP,2017-09-10,2017-09-14,159,2026-08-24T13:36:16+00:00
VIIRS_SNPP_SP,2017-09-15,2017-09-19,137,2026-08-24T13:36:16+00:00
VIIRS_SNPP_SP,2017-09-20,2017-09-24,140,2026-08-24T13:36:17+00:00
VIIRS_SNPP_SP,2017-09-25,2017-09-29,117,2026-08-24T13:36:18+00:00
VIIRS_SNPP_SP,2017-09-30,2017-10-04,139,2026-08-24T13:36:18+00:00
VIIRS_SNPP_SP,2017-10-05,2017-10-09,101,2026-08-24T13:36:19+00:00
VIIRS_SNPP_SP,2017-10-10,2017-10-14,54,2026-08-24T13:36:19+00:00
VIIRS_SNPP_SP,2017-10-15,2017-10-19,60,2026-08-24T13:36:21+00:00
VIIRS_SNPP_SP,2017-10-20,2017-10-24,58,2026-08-24T13:36:21+00:00
VIIRS_SNPP_SP,2017-10-25,2017-10-29,113,2026-08-24T13:36:22+00:00
VIIRS_SNPP_SP,2017-10-30,2017-11-03,95,2026-08-24T13:36:23+00:00
VIIRS_SNPP_SP,2017-11-04,2017-11-08,286,2026-08-24T13:36:23+00:00
VIIRS_SNPP_SP,2017-11-09,2017-11-13,103,2026-08-24T13:36:24+00:00
VIIRS_SNPP_SP,2017-11-14,2017-11-18,113,2026-08-24T13:36:29+00:00
VIIRS_SNPP_SP,2017-11-19,2017-11-23,72,2026-08-24T13:36:36+00:00
VIIRS_SNPP_SP,2017-11-24,2017-11-28,141,2026-08-24T13:36:42+00:00
VIIRS_SNPP_SP,2017-11-29,2017-12-03,116,2026-08-24T13:36:50+00:00
VIIRS_SNPP_SP,2017-12-04,2017-12-08,63,2026-08-24T13:37:00+00:00
VIIRS_SNPP_SP,2017-12-09,2017-12-13,121,2026-08-24T13:37:03+00:00
VIIRS_SNPP_SP,2017-12-14,2017-12-18,130,2026-08-24T13:37:11+00:00
VIIRS_SNPP_SP,2017-12-19,2017-12-23,62,2026-08-24T13:37:15+00:00
VIIRS_SNPP_SP,2017-12-24,2017-12-28,75,2026-08-24T13:37:19+00:00
VIIRS_SNPP_SP,2017-12-29,2018-01-02,88,2026-08-24T13:37:22+00:00
VIIRS_SNPP_SP,2018-01-03,2018-01-07,95,2026-08-24T13:37:28+00:00
VIIRS_SNPP_SP,2018-01-08,2018-01-12,133,2026-08-24T13:37:29+00:00
VIIRS_SNPP_SP,2018-01-13,2018-01-17,63,2026-08-24T13:37:36+00:00
VIIRS_SNPP_SP,2018-01-18,2018-01-22,106,2026-08-24T13:37:43+00:00
VIIRS_SNPP_SP,2018-01-23,2018-01-27,66,2026-08-24T13:37:44+00:00
VIIRS_SNPP_SP,2018-01-28,2018-02-01,50,2026-08-24T13:37:45+00:00
VIIRS_SNPP_SP,2018-02-02,2018-02-06,53,2026-08-24T13:37:46+00:00
VIIRS_SNPP_SP,2018-02-07,2018-02-11,126,2026-08-24T13:37:47+00:00
VIIRS_SNPP_SP,2018-02-12,2018-02-16,120,2026-08-24T13:37:49+00:00
VIIRS_SNPP_SP,2018-02-17,2018-02-21,83,2026-08-24T13:37:51+00:00
VIIRS_SNPP_SP,2018-02-22,2018-02-26,257,2026-08-24T13:37:52+00:00
VIIRS_SNPP_SP,2018-02-27,2018-03-03,134,2026-08-24T13:37:54+00:00
VIIRS_SNPP_SP,2018-03-04,2018-03-08,59,2026-08-24T13:37:56+00:00
VIIRS_SNPP_SP,2018-03-09,2018-03-13,66,2026-08-24T13:37:58+00:00
VIIRS_SNPP_SP,2018-03-14,2018-03-18,66,2026-08-24T13:38:00+00:00
VIIRS_SNPP_SP,2018-03-19,2018-03-23,171,2026-08-24T13:38:02+00:00
VIIRS_SNPP_SP,2018-03-24,2018-03-28,139,2026-08-24T13:38:04+00:00
VIIRS_SNPP_SP,2018-03-29,2018-04-02,58,2026-08-24T13:38:05+00:00
VIIRS_SNPP_SP,2018-04-03,2018-04-07,101,2026-08-24T13:38:06+00:00
VIIRS_SNPP_SP,2018-04-08,2018-04-12,85,2026-08-24T13:38:07+00:00
VIIRS_SNPP_SP,2018-04-13,2018-04-17,122,2026-08-24T13:38:08+00:00
VIIRS_SNPP_SP,2018-04-18,2018-04-22,312,2026-08-24T13:38:09+00:00
VIIRS_SNPP_SP,2018-04-23,2018-04-27,138,2026-08-24T13:38:11+00:00
VIIRS_SNPP_SP,2018-04-28,2018-05-02,161,2026-08-24T13:38:12+00:00
VIIRS_SNPP_SP,2018-05-03,2018-05-07,362,2026-08-24T13:40:14+00:00
VIIRS_SNPP_SP,2018-05-08,2018-05-12,172,2026-08-24T13:40:15+00:00
VIIRS_SNPP_SP,2018-05-13,2018-05-17,187,2026-08-24T13:40:15+00:00
VIIRS_SNPP_SP,2018-05-18,2018-05-22,302,2026-08-24T13:40:16+00:00
VIIRS_SNPP_SP,2018-05-23,2018-05-27,208,2026-08-24T13:40:16+00:00
VIIRS_SNPP_SP,2018-05-28,2018-06-01,266,2026-08-24T13:40:17+00:00
VIIRS_SNPP_SP,2018-06-02,2018-06-06,138,2026-08-24T13:40:18+00:00
VIIRS_SNPP_SP,2018-06-07,2018-06-11,165,2026-08-24T13:40:18+00:00
VIIRS_SNPP_SP,2018-06-12,2018-06-16,92,2026-08-24T13:40:19+00:00
VIIRS_SNPP_SP,2018-06-17,2018-06-21,98,2026-08-24T13:40:20+00:00
VIIRS_SNPP_SP,2018-06-22,2018-06-26,478,2026-08-24T13:40:20+00:00
VIIRS_SNPP_SP,2018-06-27,2018-07-01,1068,2026-08-24T13:40:21+00:00
VIIRS_SNPP_SP,2018-07-02,2018-07-06,557,2026-08-24T13:40:27+00:00
VIIRS_SNPP_SP,2018-07-07,2018-07-11,410,2026-08-24T13:40:30+00:00
VIIRS_SNPP_SP,2018-07-12,2018-07-16,483,2026-08-24T13:40:33+00:00
VIIRS_SNPP_SP,2018-07-17,2018-07-21,229,2026-08-24T13:40:34+00:00
VIIRS_SNPP_SP,2018-07-22,2018-07-26,335,2026-08-24T13:40:35+00:00
VIIRS_SNPP_SP,2018-07-27,2018-07-31,257,2026-08-24T13:40:36+00:00
VIIRS_SNPP_SP,2018-08-01,2018-08-05,223,2026-08-24T13:40:37+00:00
VIIRS_SNPP_SP,2018-08-06,2018-08-10,170,2026-08-24T13:40:38+00:00
VIIRS_SNPP_SP,2018-08-11,2018-08-15,198,2026-08-24T13:40:40+00:00
VIIRS_SNPP_SP,2018-08-16,2018-08-20,140,2026-08-24T13:40:41+00:00
VIIRS_SNPP_SP,2018-08-21,2018-08-25,213,2026-08-24T13:40:43+00:00
VIIRS_SNPP_SP,2018-08-26,2018-08-30,130,2026-08-24T13:40:44+00:00
VIIRS_SNPP_SP,2018-08-31,2018-09-04,251,2026-08-24T13:40:45+00:00
VIIRS_SNPP_SP,2018-09-05,2018-09-09,156,2026-08-24T13:40:46+00:00
VIIRS_SNPP_SP,2018-09-10,2018-09-14,112,2026-08-24T13:40:47+00:00
VIIRS_SNPP_SP,2018-09-15,2018-09-19,120,2026-08-24T13:40:48+00:00
VIIRS_SNPP_SP,2018-09-20,2018-09-24,134,2026-08-24T13:40:49+00:00
VIIRS_SNPP_SP,2018-09-25,2018-09-29,243,2026-08-24T13:40:50+00:00
VIIRS_SNPP_SP,2018-09-30,2018-10-04,131,2026-08-24T13:40:51+00:00
VIIRS_SNPP_SP,2018-10-05,2018-10-09,113,2026-08-24T13:40:51+00:00
VIIRS_SNPP_SP,2018-10-10,2018-10-14,155,2026-08-24T13:40:52+00:00
VIIRS_SNPP_SP,2018-10-15,2018-10-19,148,2026-08-24T13:40:52+00:00
VIIRS_SNPP_SP,2018-10-20,2018-10-24,191,2026-08-24T13:40:53+00:00
VIIRS_SNPP_SP,2018-10-25,2018-10-29,164,2026-08-24T13:40:54+00:00
VIIRS_SNPP_SP,2018-10-30,2018-11-03,103,2026-08-24T13:40:55+00:00
VIIRS_SNPP_SP,2018-11-04,2018-11-08,62,2026-08-24T13:40:56+00:00
VIIRS_SNPP_SP,2018-11-09,2018-11-13,119,2026-08-24T13:40:57+00:00
VIIRS_SNPP_SP,2018-11-14,2018-11-18,124,2026-08-24T13:40:58+00:00
VIIRS_SNPP_SP,2018-11-19,2018-11-23,62,2026-08-24T13:40:59+00:00
VIIRS_SNPP_SP,2018-11-24,2018-11-28,52,2026-08-24T13:41:00+00:00
VIIRS_SNPP_SP,2018-11-29,2018-12-03,55,2026-08-24T13:41:00+00:00
VIIRS_SNPP_SP,2018-12-04,2018-12-08,74,2026-08-24T13:41:01+00:00
VIIRS_SNPP_SP,2018-12-09,2018-12-13,88,2026-08-24T13:41:01+00:00
VIIRS_SNPP_SP,2018-12-14,2018-12-18,58,2026-08-24T13:41:02+00:00
VIIRS_SNPP_SP,2018-12-19,2018-12-23,66,2026-08-24T13:41:03+00:00
VIIRS_SNPP_SP,2018-12-24,2018-12-28,33,2026-08-24T13:41:04+00:00
VIIRS_SNPP_SP,2018-12-29,2019-01-02,25,2026-08-24T13:41:04+00:00
VIIRS_SNPP_SP,2019-01-03,2019-01-07,37,2026-08-24T13:41:06+00:00
VIIRS_SNPP_SP,2019-01-08,2019-01-12,68,2026-08-24T13:41:07+00:00
VIIRS_SNPP_SP,2019-01-13,2019-01-17,67,2026-08-24T13:41:07+00:00
VIIRS_SNPP_SP,2019-01-18,2019-01-22,61,2026-08-24T13:41:08+00:00
VIIRS_SNPP_SP,2019-01-23,2019-01-27,46,2026-08-24T13:41:12+00:00
VIIRS_SNPP_SP,2019-01-28,2019-02-01,113,2026-08-24T13:41:13+00:00
VIIRS_SNPP_SP,2019-02-02,2019-02-06,165,2026-08-24T13:41:14+00:00
VIIRS_SNPP_SP,2019-02-07,2019-02-11,91,2026-08-24T13:41:15+00:00
VIIRS_SNPP_SP,2019-02-12,2019-02-16,188,2026-08-24T13:41:16+00:00
VIIRS_SNPP_SP,2019-02-17,2019-02-21,159,2026-08-24T13:41:17+00:00
VIIRS_SNPP_SP,2019-02-22,2019-02-26,506,2026-08-24T13:41:17+00:00
VIIRS_SNPP_SP,2019-02-27,2019-03-03,352,2026-08-24T13:41:19+00:00
VIIRS_SNPP_SP,2019-03-04,2019-03-08,96,2026-08-24T13:41:19+00:00
VIIRS_SNPP_SP,2019-03-09,2019-03-13,61,2026-08-24T13:41:20+00:00
VIIRS_SNPP_SP,2019-03-14,2019-03-18,85,2026-08-24T13:41:20+00:00
VIIRS_SNPP_SP,2019-03-19,2019-03-23,70,2026-08-24T13:41:21+00:00
VIIRS_SNPP_SP,2019-03-24,2019-03-28,283,2026-08-24T13:41:22+00:00
VIIRS_SNPP_SP,2019-03-29,2019-04-02,254,2026-08-24T13:41:22+00:00
VIIRS_SNPP_SP,2019-04-03,2019-04-07,81,2026-08-24T13:41:23+00:00
VIIRS_SNPP_SP,2019-04-08,2019-04-12,372,2026-08-24T13:41:29+00:00
VIIRS_SNPP_SP,2019-04-13,2019-04-17,434,2026-08-24T13:41:30+00:00
VIIRS_SNPP_SP,2019-04-18,2019-04-22,503,2026-08-24T13:41:31+00:00
VIIRS_SNPP_SP,2019-04-23,2019-04-27,288,2026-08-24T13:41:31+00:00
VIIRS_SNPP_SP,2019-04-28,2019-05-02,122,2026-08-24T13:41:32+00:00
VIIRS_SNPP_SP,2019-05-03,2019-05-07,122,2026-08-24T13:41:33+00:00
VIIRS_SNPP_SP,2019-05-08,2019-05-12,211,2026-08-24T13:41:34+00:00
VIIRS_SNPP_SP,2019-05-13,2019-05-17,624,2026-08-24T13:41:34+00:00
VIIRS_SNPP_SP,2019-05-18,2019-05-22,150,2026-08-24T13:41:35+00:00
VIIRS_SNPP_SP,2019-05-23,2019-05-27,153,2026-08-24T13:41:35+00:00
VIIRS_SNPP_SP,2019-05-28,2019-06-01,68,2026-08-24T13:41:36+00:00
VIIRS_SNPP_SP,2019-06-02,2019-06-06,128,2026-08-24T13:41:37+00:00
VIIRS_SNPP_SP,2019-06-07,2019-06-11,101,2026-08-24T13:41:38+00:00
VIIRS_SNPP_SP,2019-06-12,2019-06-16,47,2026-08-24T13:41:38+00:00
VIIRS_SNPP_SP,2019-06-17,2019-06-21,128,2026-08-24T13:41:39+00:00
VIIRS_SNPP_SP,2019-06-22,2019-06-26,89,2026-08-24T13:41:39+00:00
VIIRS_SNPP_SP,2019-06-27,2019-07-01,134,2026-08-24T13:41:40+00:00
VIIRS_SNPP_SP,2019-07-02,2019-07-06,224,2026-08-24T13:41:43+00:00
VIIRS_SNPP_SP,2019-07-07,2019-07-11,100,2026-08-24T13:41:44+00:00
VIIRS_SNPP_SP,2019-07-12,2019-07-16,166,2026-08-24T13:41:46+00:00
VIIRS_SNPP_SP,2019-07-17,2019-07-21,127,2026-08-24T13:41:46+00:00
VIIRS_SNPP_SP,2019-07-22,2019-07-26,242,2026-08-24T13:41:47+00:00
VIIRS_SNPP_SP,2019-07-27,2019-07-31,180,2026-08-24T13:41:48+00:00
VIIRS_SNPP_SP,2019-08-01,2019-08-05,151,2026-08-24T13:41:48+00:00
VIIRS_SNPP_SP,2019-08-06,2019-08-10,104,2026-08-24T13:41:49+00:00
VIIRS_SNPP_SP,2019-08-11,2019-08-15,144,2026-08-24T13:41:50+00:00
VIIRS_SNPP_SP,2019-08-16,2019-08-20,163,2026-08-24T13:41:51+00:00
VIIRS_SNPP_SP,2019-08-21,2019-08-25,337,2026-08-24T13:41:52+00:00
VIIRS_SNPP_SP,2019-08-26,2019-08-30,266,2026-08-24T13:41:52+00:00
VIIRS_SNPP_SP,2019-08-31,2019-09-04,178,2026-08-24T13:41:53+00:00
VIIRS_SNPP_SP,2019-09-05,2019-09-09,146,2026-08-24T13:41:54+00:00
VIIRS_SNPP_SP,2019-09-10,2019-09-14,195,2026-08-24T13:41:54+00:00
VIIRS_SNPP_SP,2019-09-15,2019-09-19,271,2026-08-24T13:41:56+00:00
VIIRS_SNPP_SP,2019-09-20,2019-09-24,267,2026-08-24T13:41:56+00:00
VIIRS_SNPP_SP,2019-09-25,2019-09-29,76,2026-08-24T13:41:57+00:00
VIIRS_SNPP_SP,2019-09-30,2019-10-04,142,2026-08-24T13:41:58+00:00
VIIRS_SNPP_SP,2019-10-05,2019-10-09,133,2026-08-24T13:41:58+00:00
VIIRS_SNPP_SP,2019-10-10,2019-10-14,158,2026-08-24T13:41:59+00:00
VIIRS_SNPP_SP,2019-10-15,2019-10-19,106,2026-08-24T13:41:59+00:00
VIIRS_SNPP_SP,2019-10-20,2019-10-24,122,2026-08-24T13:42:00+00:00
VIIRS_SNPP_SP,2019-10-25,2019-10-29,224,2026-08-24T13:42:01+00:00
VIIRS_SNPP_SP,2019-10-30,2019-11-03,109,2026-08-24T13:42:01+00:00
VIIRS_SNPP_SP,2019-11-04,2019-11-08,122,2026-08-24T13:42:02+00:00
VIIRS_SNPP_SP,2019-11-09,2019-11-13,129,2026-08-24T13:42:03+00:00
VIIRS_SNPP_SP,2019-11-14,2019-11-18,111,2026-08-24T13:42:03+00:00
VIIRS_SNPP_SP,2019-11-19,2019-11-23,49,2026-08-24T13:42:04+00:00
VIIRS_SNPP_SP,2019-11-24,2019-11-28,2,2026-08-24T13:42:04+00:00
VIIRS_SNPP_SP,2019-11-29,2019-12-03,145,2026-08-24T13:42:05+00:00
VIIRS_SNPP_SP,2019-12-04,2019-12-08,96,2026-08-24T13:42:06+00:00
VIIRS_SNPP_SP,2019-12-09,2019-12-13,111,2026-08-24T13:42:06+00:00
VIIRS_SNPP_SP,2019-12-14,2019-12-18,97,2026-08-24T13:42:07+00:00
VIIRS_SNPP_SP,2019-12-19,2019-12-23,57,2026-08-24T13:42:08+00:00
VIIRS_SNPP_SP,2019-12-24,2019-12-28,68,2026-08-24T13:42:09+00:00
VIIRS_SNPP_SP,2019-12-29,2020-01-02,93,2026-08-24T13:42:10+00:00
